Strategy,draws,avg_ball_matches,avg_star_matches,avg_total_matches,total_ci_low,total_ci_high,prize_hits,prize_hit_rate,hit_ci_low,hit_ci_high,best_prize_tier,best_prize_rank
No spread score,50,0.62,0.4,1.02,0.7544325922422095,1.2855674077577905,7,0.14,0.06950833427016294,0.2618619371058554,2+2,8
Full model,50,0.58,0.42,1.0,0.737341543949343,1.2626584560506569,6,0.12,0.056176001509322754,0.23804817383202992,2+2,8
No balance score,50,0.48,0.3,0.78,0.5340503773979028,1.0259496226020972,6,0.12,0.056176001509322754,0.23804817383202992,2+2,8
No cold score,50,0.56,0.34,0.9,0.6543055119298552,1.145694488070145,5,0.1,0.04347576493189042,0.21360231437479657,2+2,8
Only hot score,50,0.46,0.38,0.84,0.6000524139751806,1.0799475860248193,5,0.1,0.04347576493189042,0.21360231437479657,2+2,8
No pair score,50,0.44,0.44,0.88,0.6585384062307387,1.1014615937692613,3,0.06,0.02061497034897396,0.1621709168883817,2+2,8
No hot score,50,0.3,0.36,0.66,0.418424307458232,0.9015756925417681,2,0.04,0.011038884327619809,0.1346009068750702,2+2,8
Only pair score,50,0.42,0.24,0.66,0.4775945800850795,0.8424054199149206,2,0.04,0.011038884327619809,0.1346009068750702,2+1,12
Only balance/spread,50,0.38,0.2,0.58,0.4021206106837747,0.7578793893162252,0,0.0,6.4438204832223495e-18,0.07134759913335872,No prize,14
